MariaDB [henrybooks]> /* HASNAIN ATTARWALA SECTION 3
   /*> SHOW THE DATABASE
   /*> 
   /*> */
MariaDB [henrybooks]> SHOW DATABASES;
+--------------------+
| Database           |
+--------------------+
| BabyName           |
| JavaCust01         |
| JavaCust02         |
| JavaCust03         |
| JavaCust04         |
| JavaCust05         |
| JavaCust06         |
| JavaCust07         |
| JavaCust08         |
| JavaCust09         |
| JavaCust10         |
| JavaCust11         |
| JavaCust12         |
| JavaCust13         |
| JavaCust14         |
| JavaCust15         |
| JavaCust16         |
| JavaCust17         |
| JavaCust18         |
| JavaCust19         |
| JavaCust20         |
| JavaCust21         |
| JavaCust22         |
| JavaCust23         |
| JavaCust24         |
| JavaCust25         |
| JavaCust26         |
| JavaCust27         |
| JavaCust28         |
| JavaCust29         |
| JavaCust30         |
| JavaCust31         |
| JavaCust32         |
| JavaCust33         |
| JavaCust34         |
| JavaCust35         |
| JavaCust36         |
| JavaCust37         |
| JavaCust38         |
| JavaCust39         |
| JavaCust40         |
| JavaCust41         |
| JavaCust42         |
| JavaCust43         |
| JavaCust44         |
| JavaCust45         |
| JavaCust46         |
| JavaCust47         |
| JavaCust48         |
| JavaCust49         |
| JavaCust50         |
| JavaCust51         |
| JavaCust52         |
| JavaCust53         |
| JavaCust54         |
| JavaCust55         |
| JavaCust56         |
| JavaCust57         |
| JavaCust58         |
| JavaCust59         |
| JavaCust60         |
| JavaCust61         |
| JavaCust62         |
| JavaCust63         |
| JavaCust64         |
| JavaCust65         |
| Premiere           |
| classicmodels      |
| henrybooks         |
| information_schema |
| test               |
| z1697740           |
+--------------------+
72 rows in set (0.08 sec)

MariaDB [henrybooks]> 
MariaDB [henrybooks]> -- USE the table
MariaDB [henrybooks]> USE henrybooks;
Database changed
MariaDB [henrybooks]> --Show which tables are in there
MariaDB [henrybooks]> SHOW TABLES;
+----------------------+
| Tables_in_henrybooks |
+----------------------+
| Author               |
| Book                 |
| Branch               |
| Inventory            |
| Publisher            |
| Wrote                |
+----------------------+
6 rows in set (0.00 sec)

MariaDB [henrybooks]> 
MariaDB [henrybooks]> /*
   /*> List all the authors, first name and last name in alphabetic
   /*> order of first name
   /*> */
MariaDB [henrybooks]> --1 
MariaDB [henrybooks]> 
MariaDB [henrybooks]> SELECT AuthorFirst, AuthorLast FROM  Author ORDER BY AuthorFirst;
+-------------+--------------+
| AuthorFirst | AuthorLast   |
+-------------+--------------+
| Albert      | Camus        |
| Barbara     | Owen         |
| Bradley     | Collins, Jr. |
| Bradley     | Collins      |
| Dick        | Francis      |
| Douglas R.  | Hofstadter   |
| Gary        | Wills        |
| Harper      | Lee          |
| J.D.        | Salinger     |
| J.K.        | Rowling      |
| John        | Steinbeck    |
| Joseph      | Heller       |
| Lon         | Schleining   |
| Paul        | Solotaroff   |
| Peter       | Straub       |
| Philip      | Pratt        |
| Randy       | O'Rourke     |
| Riva        | Castelman    |
| Seamus      | Heaney       |
| Stephen     | King         |
| Stephen E.  | Ambrose      |
| Toni        | Morrison     |
| Tracy       | Kidder       |
| Truddi      | Chase        |
| Vernor      | Vintage      |
+-------------+--------------+
25 rows in set (0.00 sec)

MariaDB [henrybooks]> 
MariaDB [henrybooks]> /*
   /*> List all the cities that have a publisher, list each city only
   /*> once.
   /*> 
   /*> */
MariaDB [henrybooks]> --2
MariaDB [henrybooks]> SELECT DISTINCT City FROM Publisher;
+--------------+
| City         |
+--------------+
| Sauk City WI |
| New York     |
| Boulder CO   |
| Boston       |
| Los Angeles  |
| Kingston     |
| Newtown CT   |
| Westport CT  |
+--------------+
8 rows in set (0.00 sec)

MariaDB [henrybooks]> 
MariaDB [henrybooks]> /*
   /*> How many book titles are in the database?
   /*> */
MariaDB [henrybooks]> --3
MariaDB [henrybooks]> SELECT COUNT(*)Title FROM Book;
+-------+
| Title |
+-------+
|    33 |
+-------+
1 row in set (0.00 sec)

MariaDB [henrybooks]> 
MariaDB [henrybooks]> /*
   /*> 4. For each branch, list the branch name and the total number of
   /*> books on hand.
   /*> 
   /*> */
MariaDB [henrybooks]> --4
MariaDB [henrybooks]> SELECT BranchName, SUM(OnHand) FROM Branch INNER JOIN Inventory ON Branch.BranchNum=Inventory.BranchNum GROUP BY BranchName;
+-------------------+-------------+
| BranchName        | SUM(OnHand) |
+-------------------+-------------+
| Henry Brentwood   |          29 |
| Henry Downtown    |          22 |
| Henry Eastshore   |          17 |
| Henry On The Hill |          31 |
+-------------------+-------------+
4 rows in set (0.00 sec)

MariaDB [henrybooks]> 
MariaDB [henrybooks]> 
MariaDB [henrybooks]> /*
   /*> How many employees total work at Henry Books?
   /*> */
MariaDB [henrybooks]> --5
MariaDB [henrybooks]>  SELECT SUM(NumEmployees) FROM Branch;
+-------------------+
| SUM(NumEmployees) |
+-------------------+
|                40 |
+-------------------+
1 row in set (0.00 sec)

MariaDB [henrybooks]> 
MariaDB [henrybooks]> /*
   /*> List the titles of all of the books written by Stephen King.
   /*> 
   /*> */
MariaDB [henrybooks]> --6
MariaDB [henrybooks]> SELECT Title FROM Book WHERE BookCode IN (
    -> SELECT BookCode FROM  Wrote WHERE AuthorNum IN (
    -> SELECT AuthorNum FROM Author WHERE AuthorFirst = 'Stephen' AND AuthorLast = 'King'));
+-----------------------+
| Title                 |
+-----------------------+
| Dreamcatcher: A Novel |
| Black House           |
+-----------------------+
2 rows in set (0.00 sec)

MariaDB [henrybooks]> 
MariaDB [henrybooks]> /*
   /*> List title, type and price for all books that are paperback.
   /*> */
MariaDB [henrybooks]> --7
MariaDB [henrybooks]> SELECT Title, Type, Price FROM Book WHERE (Paperback='Y');
+---------------------------------------+------+-------+
| Title                                 | Type | Price |
+---------------------------------------+------+-------+
| A Deepness in the Sky                 | SFI  |  7.19 |
| Magic Terror                          | HOR  |  7.99 |
| The Stranger                          | FIC  |  8.00 |
| The Edge                              | MYS  |  6.99 |
| Beloved                               | FIC  | 12.95 |
| Of Mice and Men                       | FIC  |  6.95 |
| Group: Six People in Search of a Life | PSY  | 10.40 |
| Nine Stories                          | FIC  |  5.99 |
| The Soul of a New Machine             | SCI  | 11.16 |
| Travels with Charley                  | TRA  |  7.95 |
| Catch-22                              | FIC  | 12.00 |
| Jazz                                  | FIC  | 12.95 |
| Band of Brothers                      | HIS  |  9.60 |
| A Guide to SQL                        | CMP  | 37.95 |
| Franny and Zooey                      | FIC  |  5.99 |
| East of Eden                          | FIC  | 12.95 |
| The Fall                              | FIC  |  8.00 |
| Godel, Escher, Bach                   | PHI  | 14.00 |
| When Rabbit Howls                     | PSY  |  6.29 |
| Song of Solomon                       | FIC  | 14.00 |
| The Grapes of Wrath                   | FIC  | 13.00 |
| Slay Ride                             | MYS  |  6.99 |
| The Catcher in the Rye                | FIC  |  5.99 |
+---------------------------------------+------+-------+
23 rows in set (0.00 sec)

MariaDB [henrybooks]> 
MariaDB [henrybooks]> /*
   /*> List the branch name for all branches that have at least one
   /*> book that has at least 10 copies on hand.
   /*> 
   /*> */
MariaDB [henrybooks]> --8
MariaDB [henrybooks]>  SELECT BranchName FROM Branch WHERE BranchNum IN ( SELECT BranchNum FROM Inventory WHERE OnHand >10 );
Empty set (0.00 sec)

MariaDB [henrybooks]> 
MariaDB [henrybooks]> /*
   /*> For each book, list the title, author first name and author
   /*> last name. Print the list in reverse alphabetic order of the
   /*> title.
   /*> 
   /*> */
MariaDB [henrybooks]> --9
MariaDB [henrybooks]> SELECT Title, AuthorFirst, AuthorLast FROM Book 
    -> INNER JOIN Wrote
    -> ON Book.BookCode = Wrote.BookCode
    -> INNER JOIN Author
    -> ON Author.AuthorNum = Wrote.AuthorNum
    -> GROUP BY Title DESC;
+------------------------------------------+-------------+------------+
| Title                                    | AuthorFirst | AuthorLast |
+------------------------------------------+-------------+------------+
| When Rabbit Howls                        | Truddi      | Chase      |
| Venice                                   | Gary        | Wills      |
| Van Gogh and Gauguin                     | Bradley     | Collins    |
| Treasure Chests                          | Randy       | O'Rourke   |
| Travels with Charley                     | John        | Steinbeck  |
| To Kill a Mockingbird                    | Harper      | Lee        |
| The Stranger                             | Albert      | Camus      |
| The Soul of a New Machine                | Tracy       | Kidder     |
| The Grapes of Wrath                      | John        | Steinbeck  |
| The Fall                                 | Albert      | Camus      |
| The Edge                                 | Dick        | Francis    |
| The Catcher in the Rye                   | J.D.        | Salinger   |
| Song of Solomon                          | Toni        | Morrison   |
| Slay Ride                                | Dick        | Francis    |
| Second Wind                              | Dick        | Francis    |
| Of Mice and Men                          | John        | Steinbeck  |
| Nine Stories                             | J.D.        | Salinger   |
| Magic Terror                             | Peter       | Straub     |
| Jazz                                     | Toni        | Morrison   |
| Harry Potter and the Prisoner of Azkaban | J.K.        | Rowling    |
| Harry Potter and the Goblet of Fire      | J.K.        | Rowling    |
| Group: Six People in Search of a Life    | Paul        | Solotaroff |
| Godel, Escher, Bach                      | Douglas R.  | Hofstadter |
| Franny and Zooey                         | J.D.        | Salinger   |
| Electric Light                           | Seamus      | Heaney     |
| East of Eden                             | John        | Steinbeck  |
| Dreamcatcher: A Novel                    | Stephen     | King       |
| Catch-22                                 | Joseph      | Heller     |
| Black House                              | Peter       | Straub     |
| Beloved                                  | Toni        | Morrison   |
| Band of Brothers                         | Stephen E.  | Ambrose    |
| A Guide to SQL                           | Philip      | Pratt      |
| A Deepness in the Sky                    | Vernor      | Vintage    |
+------------------------------------------+-------------+------------+
33 rows in set (0.00 sec)

MariaDB [henrybooks]> 
MariaDB [henrybooks]> 
MariaDB [henrybooks]> /*
   /*> List each publisher by name and how many books they published
   /*> 
   /*> */
MariaDB [henrybooks]> --10
MariaDB [henrybooks]> SELECT PublisherName, COUNT(BookCode) FROM Publisher
    -> INNER JOIN Book
    -> ON Book.PublisherCode = Publisher.PublisherCode
    -> GROUP BY PublisherName; 
+--------------------------+-----------------+
| PublisherName            | COUNT(BookCode) |
+--------------------------+-----------------+
| Back Bay Books           |               1 |
| Basic Books              |               1 |
| Berkley Publishing       |               1 |
| Course Technology        |               1 |
| Farrar Straus and Giroux |               1 |
| Fawcett Books            |               1 |
| HarperCollins Publishers |               1 |
| Jove Publications        |               3 |
| Lb Books                 |               3 |
| Penguin USA              |               4 |
| Plume                    |               3 |
| Putnam Publishing Group  |               1 |
| Random House             |               1 |
| Scholastic Trade         |               2 |
| Scribner                 |               2 |
| Simon and Schuster       |               1 |
| Taunton Press            |               1 |
| Tor Books                |               1 |
| Touchstone Books         |               1 |
| Vintage Books            |               2 |
| Westview Press           |               1 |
+--------------------------+-----------------+
21 rows in set (0.00 sec)

MariaDB [henrybooks]> 
MariaDB [henrybooks]> /*
   /*> How many books cost less than $10.00?
   /*> 
   /*> */
MariaDB [henrybooks]> --11
MariaDB [henrybooks]> SELECT COUNT(BookCode) FROM Book WHERE (Price < 10.0);
+-----------------+
| COUNT(BookCode) |
+-----------------+
|              13 |
+-----------------+
1 row in set (0.00 sec)

MariaDB [henrybooks]> 
MariaDB [henrybooks]> /*
   /*> List the author last names for all the authors published by
   /*> Simon and Schuster.
   /*> 
   /*> */
MariaDB [henrybooks]> --12
MariaDB [henrybooks]> SELECT AuthorLast FROM Author 
    -> JOIN Publisher 
    -> ON Publisher.PublisherName = 'Simon and Schuster'
    -> JOIN Wrote 
    -> ON Author.AuthorNum = Wrote.AuthorNum
    -> Join Book
    -> ON Book.BookCode = Wrote.BookCode AND  Book.PublisherCode = Publisher.PublisherCode
    -> 
    -> 
    -> /*
   /*>  List each type of book and how many of each
   /*> 
   /*> */
    -> --13
    -> SELECT Title, COUNT(BookCode) FROM Book GROUP BY TYPE;
ERROR 1064 (42000): You have an error in your SQL syntax; check the manual that corresponds to your MariaDB server version for the right syntax to use near 'SELECT Title, COUNT(BookCode) FROM Book GROUP BY TYPE' at line 12
MariaDB [henrybooks]> 
MariaDB [henrybooks]> /*
   /*> How many books are on hand at the Brentwood Mall location?
   /*> 
   /*> */
MariaDB [henrybooks]> --14
MariaDB [henrybooks]> SELECT SUM(OnHAND) FROM Branch
    -> JOIN Inventory
    -> ON BranchLocation = 'Brentwood Mall' AND Inventory.BranchNum = Branch.BranchNum ;
+-------------+
| SUM(OnHAND) |
+-------------+
|          29 |
+-------------+
1 row in set (0.00 sec)

MariaDB [henrybooks]> 
MariaDB [henrybooks]> /*
   /*> List each branch location, the number of employees and the
   /*> number of books on hand.
   /*> 
   /*> 
   /*> */
MariaDB [henrybooks]> --15
MariaDB [henrybooks]> SELECT BranchLocation, NumEmployees, SUM(OnHAND) FROM Inventory
    -> JOIN Branch
    -> ON Inventory.BranchNum = Branch.BranchNum
    -> GROUP BY BranchLocation;
+----------------+--------------+-------------+
| BranchLocation | NumEmployees | SUM(OnHAND) |
+----------------+--------------+-------------+
| 1289 Bedford   |            6 |          31 |
| 16 Riverview   |           10 |          22 |
| Brentwood Mall |           15 |          29 |
| Eastshore Mall |            9 |          17 |
+----------------+--------------+-------------+
4 rows in set (0.00 sec)

MariaDB [henrybooks]> 
MariaDB [henrybooks]> /*
   /*> List the titles of all books who have a Sequence number of 1.
   /*> You must use a nested select statement.
   /*> 
   /*> */
MariaDB [henrybooks]> --16
MariaDB [henrybooks]>  Select Title FROM Book WHERE BookCode IN (Select  BookCode FROM Wrote WHERE Sequence =1);
+------------------------------------------+
| Title                                    |
+------------------------------------------+
| A Deepness in the Sky                    |
| Magic Terror                             |
| The Stranger                             |
| Venice                                   |
| Second Wind                              |
| The Edge                                 |
| Dreamcatcher: A Novel                    |
| Treasure Chests                          |
| Beloved                                  |
| Harry Potter and the Prisoner of Azkaban |
| Van Gogh and Gauguin                     |
| Of Mice and Men                          |
| Electric Light                           |
| Group: Six People in Search of a Life    |
| Nine Stories                             |
| The Soul of a New Machine                |
| Travels with Charley                     |
| Catch-22                                 |
| Jazz                                     |
| Band of Brothers                         |
| A Guide to SQL                           |
| Franny and Zooey                         |
| East of Eden                             |
| Harry Potter and the Goblet of Fire      |
| The Fall                                 |
| Godel, Escher, Bach                      |
| When Rabbit Howls                        |
| Black House                              |
| Song of Solomon                          |
| The Grapes of Wrath                      |
| Slay Ride                                |
| The Catcher in the Rye                   |
| To Kill a Mockingbird                    |
+------------------------------------------+
33 rows in set (0.00 sec)

MariaDB [henrybooks]> 
MariaDB [henrybooks]> 
MariaDB [henrybooks]> /*
   /*> List all the publishers whose name starts with T.
   /*> 
   /*> */
MariaDB [henrybooks]> --17
MariaDB [henrybooks]>  Select PublisherName FROM Publisher WHERE PublisherName LIKE  'T%';
+-------------------+
| PublisherName     |
+-------------------+
| Taunton Press     |
| Tor Books         |
| Thames and Hudson |
| Touchstone Books  |
+-------------------+
4 rows in set (0.00 sec)

MariaDB [henrybooks]> 
MariaDB [henrybooks]> /*
   /*> List all of the Author information for all authors that have a
   /*> double l in their name 
   /*> 
   /*> */
MariaDB [henrybooks]> --18
MariaDB [henrybooks]> Select * FROM Author WHERE AuthorLast LIKE '%LL%' OR AuthorFirst LIKE '%LL%';
+-----------+--------------+-------------+
| AuthorNum | AuthorLast   | AuthorFirst |
+-----------+--------------+-------------+
|         9 | Collins      | Bradley     |
|        10 | Heller       | Joseph      |
|        11 | Wills        | Gary        |
|        19 | Collins, Jr. | Bradley     |
+-----------+--------------+-------------+
4 rows in set (0.00 sec)

MariaDB [henrybooks]> 
MariaDB [henrybooks]> 
MariaDB [henrybooks]> /*
   /*> List all the book titles that have a book code of 079x, 138x
   /*> or 669x.
   /*> 
   /*> */
MariaDB [henrybooks]> --19
MariaDB [henrybooks]> SELECT * FROM Book WHERE BookCode = '079X' OR BookCode = '138X' OR BookCode = '66X';
+----------+-------------+---------------+------+-------+-----------+
| BookCode | Title       | PublisherCode | Type | Price | Paperback |
+----------+-------------+---------------+------+-------+-----------+
| 079X     | Second Wind | PU            | MYS  | 24.95 | N         |
| 138X     | Beloved     | PL            | FIC  | 12.95 | Y         |
+----------+-------------+---------------+------+-------+-----------+
2 rows in set (0.00 sec)

MariaDB [henrybooks]> Select PublisherName FROM Publisher WHERE PublisherName LIKE  'T%';
+-------------------+
| PublisherName     |
+-------------------+
| Taunton Press     |
| Tor Books         |
| Thames and Hudson |
| Touchstone Books  |
+-------------------+
4 rows in set (0.00 sec)

MariaDB [henrybooks]> 
MariaDB [henrybooks]> /*
   /*> List each author last name, book title and publisher name, in
   /*> alphabetic order of the publisher.
   /*> 
   /*> 
   /*> */
MariaDB [henrybooks]> --20
MariaDB [henrybooks]> SELECT AuthorLast, Title, PublisherName FROM Wrote
    -> JOIN Author
    -> ON Wrote.AuthorNum = Author.AuthorNum
    -> JOIN Book
    -> ON Wrote.BookCode = Book.BookCode
    -> JOIN Publisher
    -> ON Publisher.PublisherCode = Book.PublisherCode
    -> ORDER BY PublisherName
    -> 
    -> /*
   /*> Choose any 2 of the above, and write the SQL statements
   /*> differently.
   /*> 
   /*> 
   /*> 
   /*> */
    -> --19 and 17
    -> SELECT * FROM Book WHERE BookCode LIKE '___X' OR BookCode LIKE '___X' OR BookCode LIKE  '__X';
ERROR 1064 (42000): You have an error in your SQL syntax; check the manual that corresponds to your MariaDB server version for the right syntax to use near 'SELECT * FROM Book WHERE BookCode LIKE '___X' OR BookCode LIKE '___X' OR BookCod' at line 12
MariaDB [henrybooks]> Select PublisherName FROM Publisher WHERE PublisherName LIKE  'T__%___';
+-------------------+
| PublisherName     |
+-------------------+
| Taunton Press     |
| Tor Books         |
| Thames and Hudson |
| Touchstone Books  |
+-------------------+
4 rows in set (0.00 sec)

MariaDB [henrybooks]> 
MariaDB [henrybooks]> 
MariaDB [henrybooks]> /*
   /*> Looking at the tables, figure out another type of information
   /*> a person who worked at Henry Books might be interested in. Write
   /*> the question and the query and results to answer the question.
   /*> 
   /*> 
   /*> List the total number of authors you have
   /*> 
   /*> */
MariaDB [henrybooks]> --22
MariaDB [henrybooks]> SELECT  COUNT(AuthorNum) FROM Author;
+------------------+
| COUNT(AuthorNum) |
+------------------+
|               25 |
+------------------+
1 row in set (0.00 sec)

MariaDB [henrybooks]> 
MariaDB [henrybooks]> \t
